{"cameraMode":{"drawMode":0,"name":"Shaded","section":"Shading Mode"},"sceneLighting":true,"audioPlay":false,"sceneViewState":{"m_AlwaysRefresh":false,"showFog":true,"showSkybox":true,"showFlares":true,"showImageEffects":true,"showParticleSystems":true,"showVisualEffectGraphs":true,"m_FxEnabled":true},"in2DMode":false,"pivot":{"x":-0.5498282313346863,"y":0.9116910696029663,"z":-9.496509552001954},"rotation":{"x":0.12240365892648697,"y":-0.06842869520187378,"z":0.008460997603833676,"w":0.9901319146156311},"size":1.3633267879486085,"orthographic":false}